task,family,model,input,gold_label,pred_label,row_normalized_mean,row_normalized_std,count_mean
acceptance_3,baseline,majority_baseline,none,-1,-1,1.0,0.0,197.0
acceptance_3,baseline,majority_baseline,none,-1,0,0.0,0.0,0.0
acceptance_3,baseline,majority_baseline,none,-1,1,0.0,0.0,0.0
acceptance_3,baseline,majority_baseline,none,0,-1,1.0,0.0,83.0
acceptance_3,baseline,majority_baseline,none,0,0,0.0,0.0,0.0
acceptance_3,baseline,majority_baseline,none,0,1,0.0,0.0,0.0
acceptance_3,baseline,majority_baseline,none,1,-1,1.0,0.0,115.0
acceptance_3,baseline,majority_baseline,none,1,0,0.0,0.0,0.0
acceptance_3,baseline,majority_baseline,none,1,1,0.0,0.0,0.0
acceptance_3,baseline,stratified_random_baseline,none,-1,-1,0.4771573604060914,0.05275281647417897,94.0
acceptance_3,baseline,stratified_random_baseline,none,-1,0,0.24027072758037224,0.007753935186050497,47.333333333333336
acceptance_3,baseline,stratified_random_baseline,none,-1,1,0.2825719120135364,0.05883363333574858,55.666666666666664
acceptance_3,baseline,stratified_random_baseline,none,0,-1,0.47389558232931733,0.05432831027497462,39.333333333333336
acceptance_3,baseline,stratified_random_baseline,none,0,0,0.20883534136546186,0.03032062022197087,17.333333333333332
acceptance_3,baseline,stratified_random_baseline,none,0,1,0.3172690763052209,0.025080313246579902,26.333333333333332
acceptance_3,baseline,stratified_random_baseline,none,1,-1,0.5217391304347826,0.008695652173913077,60.0
acceptance_3,baseline,stratified_random_baseline,none,1,0,0.17971014492753623,0.018101443473618556,20.666666666666668
acceptance_3,baseline,stratified_random_baseline,none,1,1,0.2985507246376811,0.026565656202642562,34.333333333333336
acceptance_3,tfidf,tfidf_char_logreg_raw,raw,-1,-1,0.8595600676818952,0.005861424052686558,169.33333333333334
acceptance_3,tfidf,tfidf_char_logreg_raw,raw,-1,0,0.04230118443316413,0.011722848105373112,8.333333333333334
acceptance_3,tfidf,tfidf_char_logreg_raw,raw,-1,1,0.09813874788494077,0.005861424052686556,19.333333333333332
acceptance_3,tfidf,tfidf_char_logreg_raw,raw,0,-1,0.14457831325301204,0.012048192771084328,12.0
acceptance_3,tfidf,tfidf_char_logreg_raw,raw,0,0,0.6265060240963854,0.048192771084337366,52.0
acceptance_3,tfidf,tfidf_char_logreg_raw,raw,0,1,0.2289156626506024,0.03614457831325302,19.0
acceptance_3,tfidf,tfidf_char_logreg_raw,raw,1,-1,0.21159420289855072,0.005020437123388053,24.333333333333332
acceptance_3,tfidf,tfidf_char_logreg_raw,raw,1,0,0.10144927536231885,0.013282828101321274,11.666666666666666
acceptance_3,tfidf,tfidf_char_logreg_raw,raw,1,1,0.6869565217391305,0.015061311370164176,79.0
acceptance_3,tfidf,tfidf_char_logreg_stopfiltered,stopfiltered,-1,-1,0.8510998307952623,0.010566832484599636,167.66666666666666
acceptance_3,tfidf,tfidf_char_logreg_stopfiltered,stopfiltered,-1,0,0.03214890016920474,0.015507870372100978,6.333333333333333
acceptance_3,tfidf,tfidf_char_logreg_stopfiltered,stopfiltered,-1,1,0.116751269035533,0.008792136079029839,23.0
acceptance_3,tfidf,tfidf_char_logreg_stopfiltered,stopfiltered,0,-1,0.18473895582329317,0.0069560273396340536,15.333333333333334
acceptance_3,tfidf,tfidf_char_logreg_stopfiltered,stopfiltered,0,0,0.5421686746987951,0.03614457831325302,45.0
acceptance_3,tfidf,tfidf_char_logreg_stopfiltered,stopfiltered,0,1,0.27309236947791166,0.030320620221970882,22.666666666666668
acceptance_3,tfidf,tfidf_char_logreg_stopfiltered,stopfiltered,1,-1,0.2318840579710145,0.013282828101321283,26.666666666666668
acceptance_3,tfidf,tfidf_char_logreg_stopfiltered,stopfiltered,1,0,0.13043478260869565,0.01506131137016415,15.0
acceptance_3,tfidf,tfidf_char_logreg_stopfiltered,stopfiltered,1,1,0.6376811594202899,0.027952610901428913,73.33333333333333
acceptance_3,tfidf,tfidf_word_linearsvc_raw,raw,-1,-1,0.8900169204737732,0.005861424052686582,175.33333333333334
acceptance_3,tfidf,tfidf_word_linearsvc_raw,raw,-1,0,0.035532994923857864,0.008792136079029832,7.0
acceptance_3,tfidf,tfidf_word_linearsvc_raw,raw,-1,1,0.07445008460236886,0.007753935186050485,14.666666666666666
acceptance_3,tfidf,tfidf_word_linearsvc_raw,raw,0,-1,0.12851405622489961,0.030320620221970882,10.666666666666666
acceptance_3,tfidf,tfidf_word_linearsvc_raw,raw,0,0,0.6746987951807228,0.03187652182005531,56.0
acceptance_3,tfidf,tfidf_word_linearsvc_raw,raw,0,1,0.19678714859437751,0.01391205467926809,16.333333333333332
acceptance_3,tfidf,tfidf_word_linearsvc_raw,raw,1,-1,0.24637681159420288,0.025102185616940238,28.333333333333332
acceptance_3,tfidf,tfidf_word_linearsvc_raw,raw,1,0,0.10434782608695653,0.015061311370164157,12.0
acceptance_3,tfidf,tfidf_word_linearsvc_raw,raw,1,1,0.6492753623188405,0.010040874246776138,74.66666666666667
acceptance_3,tfidf,tfidf_word_linearsvc_stopfiltered,stopfiltered,-1,-1,0.8426395939086294,0.008792136079029804,166.0
acceptance_3,tfidf,tfidf_word_linearsvc_stopfiltered,stopfiltered,-1,0,0.05752961082910322,0.015507870372100985,11.333333333333334
acceptance_3,tfidf,tfidf_word_linearsvc_stopfiltered,stopfiltered,-1,1,0.09983079526226735,0.01631751397799146,19.666666666666668
acceptance_3,tfidf,tfidf_word_linearsvc_stopfiltered,stopfiltered,0,-1,0.1686746987951807,0.043440376812819155,14.0
acceptance_3,tfidf,tfidf_word_linearsvc_stopfiltered,stopfiltered,0,0,0.5742971887550201,0.025080313246579965,47.666666666666664
acceptance_3,tfidf,tfidf_word_linearsvc_stopfiltered,stopfiltered,0,1,0.25702811244979923,0.025080313246579947,21.333333333333332
acceptance_3,tfidf,tfidf_word_linearsvc_stopfiltered,stopfiltered,1,-1,0.2608695652173913,0.015061311370164176,30.0
acceptance_3,tfidf,tfidf_word_linearsvc_stopfiltered,stopfiltered,1,0,0.13333333333333333,0.010040874246776096,15.333333333333334
acceptance_3,tfidf,tfidf_word_linearsvc_stopfiltered,stopfiltered,1,1,0.6057971014492755,0.021883578073248606,69.66666666666667
acceptance_3,tfidf,tfidf_word_logreg_raw,raw,-1,-1,0.8612521150592217,0.002930712026343303,169.66666666666666
acceptance_3,tfidf,tfidf_word_logreg_raw,raw,-1,0,0.04568527918781726,0.005076142131979697,9.0
acceptance_3,tfidf,tfidf_word_logreg_raw,raw,-1,1,0.09306260575296109,0.002930712026343285,18.333333333333332
acceptance_3,tfidf,tfidf_word_logreg_raw,raw,0,-1,0.09638554216867469,0.01204819277108434,8.0
acceptance_3,tfidf,tfidf_word_logreg_raw,raw,0,0,0.6987951807228915,0.02409638554216864,58.0
acceptance_3,tfidf,tfidf_word_logreg_raw,raw,0,1,0.20481927710843373,0.012048192771084338,17.0
acceptance_3,tfidf,tfidf_word_logreg_raw,raw,1,-1,0.2318840579710145,0.010040874246776106,26.666666666666668
acceptance_3,tfidf,tfidf_word_logreg_raw,raw,1,0,0.10724637681159421,0.013282828101321276,12.333333333333334
acceptance_3,tfidf,tfidf_word_logreg_raw,raw,1,1,0.6608695652173914,0.015061311370164143,76.0
acceptance_3,tfidf,tfidf_word_logreg_stopfiltered,stopfiltered,-1,-1,0.8257191201353639,0.005861424052686582,162.66666666666666
acceptance_3,tfidf,tfidf_word_logreg_stopfiltered,stopfiltered,-1,0,0.049069373942470386,0.002930712026343278,9.666666666666666
acceptance_3,tfidf,tfidf_word_logreg_stopfiltered,stopfiltered,-1,1,0.12521150592216582,0.007753935186050488,24.666666666666668
acceptance_3,tfidf,tfidf_word_logreg_stopfiltered,stopfiltered,0,-1,0.1646586345381526,0.018403918453637914,13.666666666666666
acceptance_3,tfidf,tfidf_word_logreg_stopfiltered,stopfiltered,0,0,0.5783132530120482,0.05521175536091365,48.0
acceptance_3,tfidf,tfidf_word_logreg_stopfiltered,stopfiltered,0,1,0.25702811244979923,0.03680783690727583,21.333333333333332
acceptance_3,tfidf,tfidf_word_logreg_stopfiltered,stopfiltered,1,-1,0.23478260869565218,0.008695652173913049,27.0
acceptance_3,tfidf,tfidf_word_logreg_stopfiltered,stopfiltered,1,0,0.12753623188405797,0.013282828101321274,14.666666666666666
acceptance_3,tfidf,tfidf_word_logreg_stopfiltered,stopfiltered,1,1,0.6376811594202899,0.02188357807324855,73.33333333333333
acceptance_3,transformer,bertimbau_weighted,raw,-1,-1,0.9137055837563451,0.00879213607902978,180.0
acceptance_3,transformer,bertimbau_weighted,raw,-1,0,0.03553299492385787,0.010152284263959388,7.0
acceptance_3,transformer,bertimbau_weighted,raw,-1,1,0.05076142131979696,0.013430209700835489,10.0
acceptance_3,transformer,bertimbau_weighted,raw,0,-1,0.11244979919678715,0.013912054679268088,9.333333333333334
acceptance_3,transformer,bertimbau_weighted,raw,0,0,0.6506024096385542,0.06024096385542166,54.0
acceptance_3,transformer,bertimbau_weighted,raw,0,1,0.2369477911646586,0.048692191377438306,19.666666666666668
acceptance_3,transformer,bertimbau_weighted,raw,1,-1,0.22608695652173913,0.008695652173913049,26.0
acceptance_3,transformer,bertimbau_weighted,raw,1,0,0.12173913043478261,0.017391304347826087,14.0
acceptance_3,transformer,bertimbau_weighted,raw,1,1,0.6521739130434782,0.015061311370164088,75.0
acceptance_5,baseline,majority_baseline,none,-2,-2,0.0,0.0,0.0
acceptance_5,baseline,majority_baseline,none,-2,-1,0.0,0.0,0.0
acceptance_5,baseline,majority_baseline,none,-2,0,1.0,0.0,31.0
acceptance_5,baseline,majority_baseline,none,-2,1,0.0,0.0,0.0
acceptance_5,baseline,majority_baseline,none,-2,2,0.0,0.0,0.0
acceptance_5,baseline,majority_baseline,none,-1,-2,0.0,0.0,0.0
acceptance_5,baseline,majority_baseline,none,-1,-1,0.0,0.0,0.0
acceptance_5,baseline,majority_baseline,none,-1,0,1.0,0.0,72.0
acceptance_5,baseline,majority_baseline,none,-1,1,0.0,0.0,0.0
acceptance_5,baseline,majority_baseline,none,-1,2,0.0,0.0,0.0
acceptance_5,baseline,majority_baseline,none,0,-2,0.0,0.0,0.0
acceptance_5,baseline,majority_baseline,none,0,-1,0.0,0.0,0.0
acceptance_5,baseline,majority_baseline,none,0,0,1.0,0.0,82.0
acceptance_5,baseline,majority_baseline,none,0,1,0.0,0.0,0.0
acceptance_5,baseline,majority_baseline,none,0,2,0.0,0.0,0.0
acceptance_5,baseline,majority_baseline,none,1,-2,0.0,0.0,0.0
acceptance_5,baseline,majority_baseline,none,1,-1,0.0,0.0,0.0
acceptance_5,baseline,majority_baseline,none,1,0,1.0,0.0,26.0
acceptance_5,baseline,majority_baseline,none,1,1,0.0,0.0,0.0
acceptance_5,baseline,majority_baseline,none,1,2,0.0,0.0,0.0
acceptance_5,baseline,majority_baseline,none,2,-2,0.0,0.0,0.0
acceptance_5,baseline,majority_baseline,none,2,-1,0.0,0.0,0.0
acceptance_5,baseline,majority_baseline,none,2,0,1.0,0.0,33.0
acceptance_5,baseline,majority_baseline,none,2,1,0.0,0.0,0.0
acceptance_5,baseline,majority_baseline,none,2,2,0.0,0.0,0.0
acceptance_5,baseline,stratified_random_baseline,none,-2,-2,0.10752688172043011,0.03724840446384682,3.3333333333333335
acceptance_5,baseline,stratified_random_baseline,none,-2,-1,0.23655913978494625,0.06715051611181075,7.333333333333333
acceptance_5,baseline,stratified_random_baseline,none,-2,0,0.44086021505376344,0.06715051611181072,13.666666666666666
acceptance_5,baseline,stratified_random_baseline,none,-2,1,0.04301075268817204,0.01862420223192341,1.3333333333333333
acceptance_5,baseline,stratified_random_baseline,none,-2,2,0.17204301075268816,0.018624202231923414,5.333333333333333
acceptance_5,baseline,stratified_random_baseline,none,-1,-2,0.10648148148148147,0.03495293720032754,7.666666666666667
acceptance_5,baseline,stratified_random_baseline,none,-1,-1,0.3101851851851852,0.048776174781725634,22.333333333333332
acceptance_5,baseline,stratified_random_baseline,none,-1,0,0.3287037037037037,0.08138146218169882,23.666666666666668
acceptance_5,baseline,stratified_random_baseline,none,-1,1,0.1111111111111111,0.05555555555555556,8.0
acceptance_5,baseline,stratified_random_baseline,none,-1,2,0.14351851851851852,0.04877617478172565,10.333333333333334
acceptance_5,baseline,stratified_random_baseline,none,0,-2,0.11382113821138211,0.028163427765347592,9.333333333333334
acceptance_5,baseline,stratified_random_baseline,none,0,-1,0.2926829268292683,0.012195121951219488,24.0
acceptance_5,baseline,stratified_random_baseline,none,0,0,0.3252032520325203,0.037256712967120666,26.666666666666668
acceptance_5,baseline,stratified_random_baseline,none,0,1,0.14634146341463414,0.024390243902439025,12.0
acceptance_5,baseline,stratified_random_baseline,none,0,2,0.12195121951219512,0.04397013750565841,10.0
acceptance_5,baseline,stratified_random_baseline,none,1,-2,0.10256410256410257,0.058750970448151814,2.6666666666666665
acceptance_5,baseline,stratified_random_baseline,none,1,-1,0.2948717948717949,0.14561303450769933,7.666666666666667
acceptance_5,baseline,stratified_random_baseline,none,1,0,0.4102564102564103,0.022205779584216365,10.666666666666666
acceptance_5,baseline,stratified_random_baseline,none,1,1,0.07692307692307693,0.038461538461538464,2.0
acceptance_5,baseline,stratified_random_baseline,none,1,2,0.11538461538461538,0.07692307692307693,3.0
acceptance_5,baseline,stratified_random_baseline,none,2,-2,0.15151515151515152,0.0524863881081478,5.0
acceptance_5,baseline,stratified_random_baseline,none,2,-1,0.29292929292929293,0.046288643383392315,9.666666666666666
acceptance_5,baseline,stratified_random_baseline,none,2,0,0.35353535353535354,0.0630807878626101,11.666666666666666
acceptance_5,baseline,stratified_random_baseline,none,2,1,0.06060606060606061,0.030303030303030304,2.0
acceptance_5,baseline,stratified_random_baseline,none,2,2,0.1414141414141414,0.046288643383392336,4.666666666666667
acceptance_5,tfidf,tfidf_char_logreg_raw,raw,-2,-2,0.26881720430107525,0.018624202231923435,8.333333333333334
acceptance_5,tfidf,tfidf_char_logreg_raw,raw,-2,-1,0.5698924731182795,0.03724840446384686,17.666666666666668
acceptance_5,tfidf,tfidf_char_logreg_raw,raw,-2,0,0.053763440860215055,0.01862420223192341,1.6666666666666667
acceptance_5,tfidf,tfidf_char_logreg_raw,raw,-2,1,0.053763440860215055,0.01862420223192341,1.6666666666666667
acceptance_5,tfidf,tfidf_char_logreg_raw,raw,-2,2,0.053763440860215055,0.01862420223192341,1.6666666666666667
acceptance_5,tfidf,tfidf_char_logreg_raw,raw,-1,-2,0.1111111111111111,0.01388888888888889,8.0
acceptance_5,tfidf,tfidf_char_logreg_raw,raw,-1,-1,0.7453703703703703,0.034952937200327515,53.666666666666664
acceptance_5,tfidf,tfidf_char_logreg_raw,raw,-1,0,0.10648148148148147,0.02121562821738815,7.666666666666667
acceptance_5,tfidf,tfidf_char_logreg_raw,raw,-1,1,0.013888888888888888,0.0,1.0
acceptance_5,tfidf,tfidf_char_logreg_raw,raw,-1,2,0.02314814814814815,0.021215628217388146,1.6666666666666667
acceptance_5,tfidf,tfidf_char_logreg_raw,raw,0,-2,0.016260162601626018,0.007040856941336901,1.3333333333333333
acceptance_5,tfidf,tfidf_char_logreg_raw,raw,0,-1,0.1016260162601626,0.007040856941336898,8.333333333333334
acceptance_5,tfidf,tfidf_char_logreg_raw,raw,0,0,0.7317073170731708,0.012195121951219523,60.0
acceptance_5,tfidf,tfidf_char_logreg_raw,raw,0,1,0.02032520325203252,0.0070408569413369,1.6666666666666667
acceptance_5,tfidf,tfidf_char_logreg_raw,raw,0,2,0.13008130081300814,0.01862835648356032,10.666666666666666
acceptance_5,tfidf,tfidf_char_logreg_raw,raw,1,-2,0.012820512820512822,0.022205779584216375,0.3333333333333333
acceptance_5,tfidf,tfidf_char_logreg_raw,raw,1,-1,0.358974358974359,0.022205779584216382,9.333333333333334
acceptance_5,tfidf,tfidf_char_logreg_raw,raw,1,0,0.2820512820512821,0.04441155916843273,7.333333333333333
acceptance_5,tfidf,tfidf_char_logreg_raw,raw,1,1,0.12820512820512822,0.05875097044815181,3.3333333333333335
acceptance_5,tfidf,tfidf_char_logreg_raw,raw,1,2,0.21794871794871795,0.022205779584216375,5.666666666666667
acceptance_5,tfidf,tfidf_char_logreg_raw,raw,2,-2,0.0,0.0,0.0
acceptance_5,tfidf,tfidf_char_logreg_raw,raw,2,-1,0.0909090909090909,0.0,3.0
acceptance_5,tfidf,tfidf_char_logreg_raw,raw,2,0,0.08080808080808081,0.03499092540543187,2.6666666666666665
acceptance_5,tfidf,tfidf_char_logreg_raw,raw,2,1,0.06060606060606061,0.030303030303030304,2.0
acceptance_5,tfidf,tfidf_char_logreg_raw,raw,2,2,0.7676767676767676,0.01749546270271591,25.333333333333332
acceptance_5,tfidf,tfidf_char_logreg_stopfiltered,stopfiltered,-2,-2,0.2903225806451613,0.03225806451612906,9.0
acceptance_5,tfidf,tfidf_char_logreg_stopfiltered,stopfiltered,-2,-1,0.4946236559139785,0.03724840446384683,15.333333333333334
acceptance_5,tfidf,tfidf_char_logreg_stopfiltered,stopfiltered,-2,0,0.11827956989247312,0.01862420223192341,3.6666666666666665
acceptance_5,tfidf,tfidf_char_logreg_stopfiltered,stopfiltered,-2,1,0.053763440860215055,0.01862420223192341,1.6666666666666667
acceptance_5,tfidf,tfidf_char_logreg_stopfiltered,stopfiltered,-2,2,0.04301075268817204,0.01862420223192341,1.3333333333333333
acceptance_5,tfidf,tfidf_char_logreg_stopfiltered,stopfiltered,-1,-2,0.16666666666666666,0.013888888888888878,12.0
acceptance_5,tfidf,tfidf_char_logreg_stopfiltered,stopfiltered,-1,-1,0.6342592592592592,0.021215628217388083,45.666666666666664
acceptance_5,tfidf,tfidf_char_logreg_stopfiltered,stopfiltered,-1,0,0.12037037037037036,0.008018753738744807,8.666666666666666
acceptance_5,tfidf,tfidf_char_logreg_stopfiltered,stopfiltered,-1,1,0.0462962962962963,0.02121562821738815,3.3333333333333335
acceptance_5,tfidf,tfidf_char_logreg_stopfiltered,stopfiltered,-1,2,0.032407407407407406,0.008018753738744801,2.3333333333333335
acceptance_5,tfidf,tfidf_char_logreg_stopfiltered,stopfiltered,0,-2,0.02032520325203252,0.014081713882673798,1.6666666666666667
acceptance_5,tfidf,tfidf_char_logreg_stopfiltered,stopfiltered,0,-1,0.14634146341463417,0.0211225708240107,12.0
acceptance_5,tfidf,tfidf_char_logreg_stopfiltered,stopfiltered,0,0,0.7235772357723578,0.014081713882673819,59.333333333333336
acceptance_5,tfidf,tfidf_char_logreg_stopfiltered,stopfiltered,0,1,0.024390243902439022,0.01219512195121951,2.0
acceptance_5,tfidf,tfidf_char_logreg_stopfiltered,stopfiltered,0,2,0.08536585365853659,0.0,7.0
acceptance_5,tfidf,tfidf_char_logreg_stopfiltered,stopfiltered,1,-2,0.025641025641025644,0.022205779584216375,0.6666666666666666
acceptance_5,tfidf,tfidf_char_logreg_stopfiltered,stopfiltered,1,-1,0.3717948717948718,0.04441155916843275,9.666666666666666
acceptance_5,tfidf,tfidf_char_logreg_stopfiltered,stopfiltered,1,0,0.2948717948717949,0.04441155916843275,7.666666666666667
acceptance_5,tfidf,tfidf_char_logreg_stopfiltered,stopfiltered,1,1,0.14102564102564105,0.05875097044815181,3.6666666666666665
acceptance_5,tfidf,tfidf_char_logreg_stopfiltered,stopfiltered,1,2,0.16666666666666666,0.022205779584216375,4.333333333333333
acceptance_5,tfidf,tfidf_char_logreg_stopfiltered,stopfiltered,2,-2,0.010101010101010102,0.017495462702715934,0.3333333333333333
acceptance_5,tfidf,tfidf_char_logreg_stopfiltered,stopfiltered,2,-1,0.11111111111111112,0.017495462702715934,3.6666666666666665
acceptance_5,tfidf,tfidf_char_logreg_stopfiltered,stopfiltered,2,0,0.10101010101010101,0.03499092540543187,3.3333333333333335
acceptance_5,tfidf,tfidf_char_logreg_stopfiltered,stopfiltered,2,1,0.06060606060606061,0.030303030303030304,2.0
acceptance_5,tfidf,tfidf_char_logreg_stopfiltered,stopfiltered,2,2,0.7171717171717171,0.01749546270271591,23.666666666666668
acceptance_5,tfidf,tfidf_word_linearsvc_raw,raw,-2,-2,0.3333333333333333,0.06715051611181075,10.333333333333334
acceptance_5,tfidf,tfidf_word_linearsvc_raw,raw,-2,-1,0.5376344086021505,0.0811810154330188,16.666666666666668
acceptance_5,tfidf,tfidf_word_linearsvc_raw,raw,-2,0,0.01075268817204301,0.01862420223192341,0.3333333333333333
acceptance_5,tfidf,tfidf_word_linearsvc_raw,raw,-2,1,0.053763440860215055,0.01862420223192341,1.6666666666666667
acceptance_5,tfidf,tfidf_word_linearsvc_raw,raw,-2,2,0.06451612903225806,0.03225806451612903,2.0
acceptance_5,tfidf,tfidf_word_linearsvc_raw,raw,-1,-2,0.08333333333333333,0.0240562612162344,6.0
acceptance_5,tfidf,tfidf_word_linearsvc_raw,raw,-1,-1,0.7870370370370371,0.01603750747748965,56.666666666666664
acceptance_5,tfidf,tfidf_word_linearsvc_raw,raw,-1,0,0.0925925925925926,0.008018753738744803,6.666666666666667
acceptance_5,tfidf,tfidf_word_linearsvc_raw,raw,-1,1,0.018518518518518517,0.016037507477489603,1.3333333333333333
acceptance_5,tfidf,tfidf_word_linearsvc_raw,raw,-1,2,0.018518518518518517,0.02121562821738815,1.3333333333333333
acceptance_5,tfidf,tfidf_word_linearsvc_raw,raw,0,-2,0.024390243902439022,0.012195121951219511,2.0
acceptance_5,tfidf,tfidf_word_linearsvc_raw,raw,0,-1,0.06504065040650407,0.014081713882673796,5.333333333333333
acceptance_5,tfidf,tfidf_word_linearsvc_raw,raw,0,0,0.7886178861788617,0.03725671296712066,64.66666666666667
acceptance_5,tfidf,tfidf_word_linearsvc_raw,raw,0,1,0.032520325203252036,0.007040856941336898,2.6666666666666665
acceptance_5,tfidf,tfidf_word_linearsvc_raw,raw,0,2,0.08943089430894309,0.018628356483560326,7.333333333333333
acceptance_5,tfidf,tfidf_word_linearsvc_raw,raw,1,-2,0.025641025641025644,0.022205779584216375,0.6666666666666666
acceptance_5,tfidf,tfidf_word_linearsvc_raw,raw,1,-1,0.3461538461538461,0.0,9.0
acceptance_5,tfidf,tfidf_word_linearsvc_raw,raw,1,0,0.23076923076923075,0.038461538461538436,6.0
acceptance_5,tfidf,tfidf_word_linearsvc_raw,raw,1,1,0.20512820512820515,0.04441155916843276,5.333333333333333
acceptance_5,tfidf,tfidf_word_linearsvc_raw,raw,1,2,0.19230769230769232,0.038461538461538464,5.0
acceptance_5,tfidf,tfidf_word_linearsvc_raw,raw,2,-2,0.04040404040404041,0.04628864338339232,1.3333333333333333
acceptance_5,tfidf,tfidf_word_linearsvc_raw,raw,2,-1,0.08080808080808081,0.017495462702715934,2.6666666666666665
acceptance_5,tfidf,tfidf_word_linearsvc_raw,raw,2,0,0.11111111111111112,0.04628864338339232,3.6666666666666665
acceptance_5,tfidf,tfidf_word_linearsvc_raw,raw,2,1,0.0707070707070707,0.017495462702715934,2.3333333333333335
acceptance_5,tfidf,tfidf_word_linearsvc_raw,raw,2,2,0.6969696969696969,0.030303030303030346,23.0
acceptance_5,tfidf,tfidf_word_linearsvc_stopfiltered,stopfiltered,-2,-2,0.3333333333333333,0.0372484044638468,10.333333333333334
acceptance_5,tfidf,tfidf_word_linearsvc_stopfiltered,stopfiltered,-2,-1,0.4516129032258065,0.05587260669577025,14.0
acceptance_5,tfidf,tfidf_word_linearsvc_stopfiltered,stopfiltered,-2,0,0.10752688172043011,0.03724840446384682,3.3333333333333335
acceptance_5,tfidf,tfidf_word_linearsvc_stopfiltered,stopfiltered,-2,1,0.09677419354838708,0.03225806451612903,3.0
acceptance_5,tfidf,tfidf_word_linearsvc_stopfiltered,stopfiltered,-2,2,0.01075268817204301,0.01862420223192341,0.3333333333333333
acceptance_5,tfidf,tfidf_word_linearsvc_stopfiltered,stopfiltered,-1,-2,0.12037037037037036,0.028912027770362964,8.666666666666666
acceptance_5,tfidf,tfidf_word_linearsvc_stopfiltered,stopfiltered,-1,-1,0.6203703703703703,0.008018753738744782,44.666666666666664
acceptance_5,tfidf,tfidf_word_linearsvc_stopfiltered,stopfiltered,-1,0,0.1574074074074074,0.0160375074774896,11.333333333333334
acceptance_5,tfidf,tfidf_word_linearsvc_stopfiltered,stopfiltered,-1,1,0.05092592592592592,0.008018753738744801,3.6666666666666665
acceptance_5,tfidf,tfidf_word_linearsvc_stopfiltered,stopfiltered,-1,2,0.05092592592592592,0.008018753738744801,3.6666666666666665
acceptance_5,tfidf,tfidf_word_linearsvc_stopfiltered,stopfiltered,0,-2,0.008130081300813009,0.0070408569413369,0.6666666666666666
acceptance_5,tfidf,tfidf_word_linearsvc_stopfiltered,stopfiltered,0,-1,0.09756097560975611,0.01219512195121951,8.0
acceptance_5,tfidf,tfidf_word_linearsvc_stopfiltered,stopfiltered,0,0,0.7235772357723578,0.030690383883214472,59.333333333333336
acceptance_5,tfidf,tfidf_word_linearsvc_stopfiltered,stopfiltered,0,1,0.044715447154471545,0.0140817138826738,3.6666666666666665
acceptance_5,tfidf,tfidf_word_linearsvc_stopfiltered,stopfiltered,0,2,0.12601626016260162,0.018628356483560336,10.333333333333334
acceptance_5,tfidf,tfidf_word_linearsvc_stopfiltered,stopfiltered,1,-2,0.012820512820512822,0.022205779584216375,0.3333333333333333
acceptance_5,tfidf,tfidf_word_linearsvc_stopfiltered,stopfiltered,1,-1,0.3461538461538462,0.03846153846153848,9.0
acceptance_5,tfidf,tfidf_word_linearsvc_stopfiltered,stopfiltered,1,0,0.2948717948717949,0.05875097044815177,7.666666666666667
acceptance_5,tfidf,tfidf_word_linearsvc_stopfiltered,stopfiltered,1,1,0.21794871794871795,0.022205779584216375,5.666666666666667
acceptance_5,tfidf,tfidf_word_linearsvc_stopfiltered,stopfiltered,1,2,0.12820512820512822,0.022205779584216375,3.3333333333333335
acceptance_5,tfidf,tfidf_word_linearsvc_stopfiltered,stopfiltered,2,-2,0.020202020202020204,0.017495462702715934,0.6666666666666666
acceptance_5,tfidf,tfidf_word_linearsvc_stopfiltered,stopfiltered,2,-1,0.050505050505050504,0.04628864338339232,1.6666666666666667
acceptance_5,tfidf,tfidf_word_linearsvc_stopfiltered,stopfiltered,2,0,0.20202020202020202,0.01749546270271593,6.666666666666667
acceptance_5,tfidf,tfidf_word_linearsvc_stopfiltered,stopfiltered,2,1,0.020202020202020204,0.017495462702715934,0.6666666666666666
acceptance_5,tfidf,tfidf_word_linearsvc_stopfiltered,stopfiltered,2,2,0.7070707070707071,0.0630807878626101,23.333333333333332
acceptance_5,tfidf,tfidf_word_logreg_raw,raw,-2,-2,0.3440860215053763,0.08118101543301881,10.666666666666666
acceptance_5,tfidf,tfidf_word_logreg_raw,raw,-2,-1,0.4946236559139785,0.018624202231923397,15.333333333333334
acceptance_5,tfidf,tfidf_word_logreg_raw,raw,-2,0,0.0,0.0,0.0
acceptance_5,tfidf,tfidf_word_logreg_raw,raw,-2,1,0.06451612903225806,0.0,2.0
acceptance_5,tfidf,tfidf_word_logreg_raw,raw,-2,2,0.09677419354838708,0.06451612903225806,3.0
acceptance_5,tfidf,tfidf_word_logreg_raw,raw,-1,-2,0.0925925925925926,0.016037507477489606,6.666666666666667
acceptance_5,tfidf,tfidf_word_logreg_raw,raw,-1,-1,0.7824074074074074,0.008018753738744782,56.333333333333336
acceptance_5,tfidf,tfidf_word_logreg_raw,raw,-1,0,0.07407407407407407,0.008018753738744805,5.333333333333333
acceptance_5,tfidf,tfidf_word_logreg_raw,raw,-1,1,0.013888888888888888,0.013888888888888888,1.0
acceptance_5,tfidf,tfidf_word_logreg_raw,raw,-1,2,0.037037037037037035,0.016037507477489603,2.6666666666666665
acceptance_5,tfidf,tfidf_word_logreg_raw,raw,0,-2,0.02032520325203252,0.007040856941336899,1.6666666666666667
acceptance_5,tfidf,tfidf_word_logreg_raw,raw,0,-1,0.06504065040650407,0.0070408569413369,5.333333333333333
acceptance_5,tfidf,tfidf_word_logreg_raw,raw,0,0,0.7764227642276422,0.03520428470668451,63.666666666666664
acceptance_5,tfidf,tfidf_word_logreg_raw,raw,0,1,0.02439024390243903,0.0,2.0
acceptance_5,tfidf,tfidf_word_logreg_raw,raw,0,2,0.11382113821138212,0.025386170725196736,9.333333333333334
acceptance_5,tfidf,tfidf_word_logreg_raw,raw,1,-2,0.025641025641025644,0.022205779584216375,0.6666666666666666
acceptance_5,tfidf,tfidf_word_logreg_raw,raw,1,-1,0.358974358974359,0.022205779584216406,9.333333333333334
acceptance_5,tfidf,tfidf_word_logreg_raw,raw,1,0,0.17948717948717952,0.02220577958421639,4.666666666666667
acceptance_5,tfidf,tfidf_word_logreg_raw,raw,1,1,0.17948717948717952,0.04441155916843276,4.666666666666667
acceptance_5,tfidf,tfidf_word_logreg_raw,raw,1,2,0.25641025641025644,0.05875097044815177,6.666666666666667
acceptance_5,tfidf,tfidf_word_logreg_raw,raw,2,-2,0.020202020202020204,0.017495462702715934,0.6666666666666666
acceptance_5,tfidf,tfidf_word_logreg_raw,raw,2,-1,0.08080808080808081,0.017495462702715934,2.6666666666666665
acceptance_5,tfidf,tfidf_word_logreg_raw,raw,2,0,0.08080808080808081,0.017495462702715934,2.6666666666666665
acceptance_5,tfidf,tfidf_word_logreg_raw,raw,2,1,0.0707070707070707,0.017495462702715934,2.3333333333333335
acceptance_5,tfidf,tfidf_word_logreg_raw,raw,2,2,0.7474747474747474,0.03499092540543184,24.666666666666668
acceptance_5,tfidf,tfidf_word_logreg_stopfiltered,stopfiltered,-2,-2,0.3763440860215053,0.06715051611181072,11.666666666666666
acceptance_5,tfidf,tfidf_word_logreg_stopfiltered,stopfiltered,-2,-1,0.39784946236559143,0.06715051611181075,12.333333333333334
acceptance_5,tfidf,tfidf_word_logreg_stopfiltered,stopfiltered,-2,0,0.06451612903225806,0.03225806451612903,2.0
acceptance_5,tfidf,tfidf_word_logreg_stopfiltered,stopfiltered,-2,1,0.11827956989247312,0.03724840446384682,3.6666666666666665
acceptance_5,tfidf,tfidf_word_logreg_stopfiltered,stopfiltered,-2,2,0.04301075268817204,0.01862420223192341,1.3333333333333333
acceptance_5,tfidf,tfidf_word_logreg_stopfiltered,stopfiltered,-1,-2,0.16203703703703703,0.008018753738744786,11.666666666666666
acceptance_5,tfidf,tfidf_word_logreg_stopfiltered,stopfiltered,-1,-1,0.6574074074074074,0.008018753738744782,47.333333333333336
acceptance_5,tfidf,tfidf_word_logreg_stopfiltered,stopfiltered,-1,0,0.0925925925925926,0.008018753738744807,6.666666666666667
acceptance_5,tfidf,tfidf_word_logreg_stopfiltered,stopfiltered,-1,1,0.018518518518518517,0.008018753738744801,1.3333333333333333
acceptance_5,tfidf,tfidf_word_logreg_stopfiltered,stopfiltered,-1,2,0.06944444444444443,0.013888888888888885,5.0
acceptance_5,tfidf,tfidf_word_logreg_stopfiltered,stopfiltered,0,-2,0.016260162601626018,0.0070408569413369,1.3333333333333333
acceptance_5,tfidf,tfidf_word_logreg_stopfiltered,stopfiltered,0,-1,0.1016260162601626,0.025386170725196743,8.333333333333334
acceptance_5,tfidf,tfidf_word_logreg_stopfiltered,stopfiltered,0,0,0.6747967479674797,0.03725671296712063,55.333333333333336
acceptance_5,tfidf,tfidf_word_logreg_stopfiltered,stopfiltered,0,1,0.056910569105691054,0.014081713882673796,4.666666666666667
acceptance_5,tfidf,tfidf_word_logreg_stopfiltered,stopfiltered,0,2,0.15040650406504064,0.007040856941336909,12.333333333333334
acceptance_5,tfidf,tfidf_word_logreg_stopfiltered,stopfiltered,1,-2,0.012820512820512822,0.022205779584216375,0.3333333333333333
acceptance_5,tfidf,tfidf_word_logreg_stopfiltered,stopfiltered,1,-1,0.358974358974359,0.022205779584216392,9.333333333333334
acceptance_5,tfidf,tfidf_word_logreg_stopfiltered,stopfiltered,1,0,0.20512820512820515,0.022205779584216375,5.333333333333333
acceptance_5,tfidf,tfidf_word_logreg_stopfiltered,stopfiltered,1,1,0.20512820512820515,0.02220577958421639,5.333333333333333
acceptance_5,tfidf,tfidf_word_logreg_stopfiltered,stopfiltered,1,2,0.21794871794871795,0.022205779584216365,5.666666666666667
acceptance_5,tfidf,tfidf_word_logreg_stopfiltered,stopfiltered,2,-2,0.010101010101010102,0.017495462702715934,0.3333333333333333
acceptance_5,tfidf,tfidf_word_logreg_stopfiltered,stopfiltered,2,-1,0.08080808080808081,0.04628864338339232,2.6666666666666665
acceptance_5,tfidf,tfidf_word_logreg_stopfiltered,stopfiltered,2,0,0.12121212121212122,0.0,4.0
acceptance_5,tfidf,tfidf_word_logreg_stopfiltered,stopfiltered,2,1,0.010101010101010102,0.017495462702715934,0.3333333333333333
acceptance_5,tfidf,tfidf_word_logreg_stopfiltered,stopfiltered,2,2,0.7777777777777777,0.01749546270271591,25.666666666666668
applicability,baseline,majority_baseline,none,0,0,1.0,0.0,763.0
applicability,baseline,majority_baseline,none,0,1,0.0,0.0,0.0
applicability,baseline,majority_baseline,none,1,0,1.0,0.0,734.0
applicability,baseline,majority_baseline,none,1,1,0.0,0.0,0.0
applicability,baseline,stratified_random_baseline,none,0,0,0.4997815640017475,0.02424934746418162,381.3333333333333
applicability,baseline,stratified_random_baseline,none,0,1,0.5002184359982526,0.024249347464181604,381.6666666666667
applicability,baseline,stratified_random_baseline,none,1,0,0.5081743869209809,0.012109256699340046,373.0
applicability,baseline,stratified_random_baseline,none,1,1,0.49182561307901906,0.012109256699340019,361.0
applicability,tfidf,tfidf_char_logreg_raw,raw,0,0,0.7378768020969856,0.001310615989515096,563.0
applicability,tfidf,tfidf_char_logreg_raw,raw,0,1,0.2621231979030144,0.001310615989515096,200.0
applicability,tfidf,tfidf_char_logreg_raw,raw,1,0,0.01226158038147139,0.0013623978201634873,9.0
applicability,tfidf,tfidf_char_logreg_raw,raw,1,1,0.9877384196185286,0.0013623978201634246,725.0
applicability,tfidf,tfidf_char_logreg_stopfiltered,stopfiltered,0,0,0.7409349060725208,0.0015133689887014887,565.3333333333334
applicability,tfidf,tfidf_char_logreg_stopfiltered,stopfiltered,0,1,0.25906509392747923,0.0015133689887015047,197.66666666666666
applicability,tfidf,tfidf_char_logreg_stopfiltered,stopfiltered,1,0,0.021798365122615803,0.001362397820163487,16.0
applicability,tfidf,tfidf_char_logreg_stopfiltered,stopfiltered,1,1,0.9782016348773842,0.00136239782016348,718.0
applicability,tfidf,tfidf_word_linearsvc_raw,raw,0,0,0.7916120576671036,0.003467563972561702,604.0
applicability,tfidf,tfidf_word_linearsvc_raw,raw,0,1,0.20838794233289648,0.0034675639725617216,159.0
applicability,tfidf,tfidf_word_linearsvc_raw,raw,1,0,0.043142597638510444,0.0034286259924027006,31.666666666666668
applicability,tfidf,tfidf_word_linearsvc_raw,raw,1,1,0.9568574023614896,0.00342862599240271,702.3333333333334
applicability,tfidf,tfidf_word_linearsvc_stopfiltered,stopfiltered,0,0,0.7977282656181739,0.005909894826766558,608.6666666666666
applicability,tfidf,tfidf_word_linearsvc_stopfiltered,stopfiltered,0,1,0.2022717343818261,0.005909894826766571,154.33333333333334
applicability,tfidf,tfidf_word_linearsvc_stopfiltered,stopfiltered,1,0,0.07856494096276112,0.004379496258398245,57.666666666666664
applicability,tfidf,tfidf_word_linearsvc_stopfiltered,stopfiltered,1,1,0.9214350590372389,0.004379496258398266,676.3333333333334
applicability,tfidf,tfidf_word_logreg_raw,raw,0,0,0.7387505460899956,0.004003997985981482,563.6666666666666
applicability,tfidf,tfidf_word_logreg_raw,raw,0,1,0.26124945391000437,0.0040039979859815,199.33333333333334
applicability,tfidf,tfidf_word_logreg_raw,raw,1,0,0.009082652134423252,0.0007865807482147503,6.666666666666667
applicability,tfidf,tfidf_word_logreg_raw,raw,1,1,0.9909173478655768,0.0007865807482147766,727.3333333333334
applicability,tfidf,tfidf_word_logreg_stopfiltered,stopfiltered,0,0,0.7444298820445608,0.002621231979030164,568.0
applicability,tfidf,tfidf_word_logreg_stopfiltered,stopfiltered,0,1,0.25557011795543905,0.0026212319790301364,195.0
applicability,tfidf,tfidf_word_logreg_stopfiltered,stopfiltered,1,0,0.023614895549500456,0.0015731614964294997,17.333333333333332
applicability,tfidf,tfidf_word_logreg_stopfiltered,stopfiltered,1,1,0.9763851044504995,0.0015731614964295212,716.6666666666666
applicability,transformer,bertimbau_weighted,raw,0,0,0.8532110091743119,0.009894933729057406,651.0
applicability,transformer,bertimbau_weighted,raw,0,1,0.14678899082568808,0.00989493372905733,112.0
applicability,transformer,bertimbau_weighted,raw,1,0,0.044050862851952775,0.0034286259924027032,32.333333333333336
applicability,transformer,bertimbau_weighted,raw,1,1,0.9559491371480472,0.0034286259924026846,701.6666666666666
intensity_3,baseline,majority_baseline,none,0,0,0.0,0.0,0.0
intensity_3,baseline,majority_baseline,none,0,1,1.0,0.0,82.0
intensity_3,baseline,majority_baseline,none,0,2,0.0,0.0,0.0
intensity_3,baseline,majority_baseline,none,1,0,0.0,0.0,0.0
intensity_3,baseline,majority_baseline,none,1,1,1.0,0.0,213.0
intensity_3,baseline,majority_baseline,none,1,2,0.0,0.0,0.0
intensity_3,baseline,majority_baseline,none,2,0,0.0,0.0,0.0
intensity_3,baseline,majority_baseline,none,2,1,1.0,0.0,100.0
intensity_3,baseline,majority_baseline,none,2,2,0.0,0.0,0.0
intensity_3,baseline,stratified_random_baseline,none,0,0,0.23577235772357721,0.018628356483560326,19.333333333333332
intensity_3,baseline,stratified_random_baseline,none,0,1,0.5121951219512195,0.053157304189520416,42.0
intensity_3,baseline,stratified_random_baseline,none,0,2,0.25203252032520324,0.057631897881129386,20.666666666666668
intensity_3,baseline,stratified_random_baseline,none,1,0,0.19874804381846634,0.01777436101971918,42.333333333333336
intensity_3,baseline,stratified_random_baseline,none,1,1,0.5226917057902973,0.031957085847671554,111.33333333333333
intensity_3,baseline,stratified_random_baseline,none,1,2,0.27856025039123633,0.014342959921614525,59.333333333333336
intensity_3,baseline,stratified_random_baseline,none,2,0,0.22333333333333336,0.05686240703077327,22.333333333333332
intensity_3,baseline,stratified_random_baseline,none,2,1,0.5566666666666666,0.07767453465154033,55.666666666666664
intensity_3,baseline,stratified_random_baseline,none,2,2,0.21999999999999997,0.06999999999999999,22.0
intensity_3,tfidf,tfidf_char_logreg_raw,raw,0,0,0.7398373983739838,0.030690383883214455,60.666666666666664
intensity_3,tfidf,tfidf_char_logreg_raw,raw,0,1,0.1869918699186992,0.03920183236175998,15.333333333333334
intensity_3,tfidf,tfidf_char_logreg_raw,raw,0,2,0.07317073170731707,0.01219512195121951,6.0
intensity_3,tfidf,tfidf_char_logreg_raw,raw,1,0,0.15023474178403753,0.004694835680751165,32.0
intensity_3,tfidf,tfidf_char_logreg_raw,raw,1,1,0.6431924882629109,0.009389671361502372,137.0
intensity_3,tfidf,tfidf_char_logreg_raw,raw,1,2,0.20657276995305163,0.012421367657580241,44.0
intensity_3,tfidf,tfidf_char_logreg_raw,raw,2,0,0.07666666666666667,0.011547005383792507,7.666666666666667
intensity_3,tfidf,tfidf_char_logreg_raw,raw,2,1,0.42333333333333334,0.015275252316519486,42.333333333333336
intensity_3,tfidf,tfidf_char_logreg_raw,raw,2,2,0.5,0.010000000000000009,50.0
intensity_3,tfidf,tfidf_char_logreg_stopfiltered,stopfiltered,0,0,0.7073170731707318,0.021122570824010718,58.0
intensity_3,tfidf,tfidf_char_logreg_stopfiltered,stopfiltered,0,1,0.23170731707317072,0.03226525989103159,19.0
intensity_3,tfidf,tfidf_char_logreg_stopfiltered,stopfiltered,0,2,0.06097560975609756,0.01219512195121951,5.0
intensity_3,tfidf,tfidf_char_logreg_stopfiltered,stopfiltered,1,0,0.16118935837245696,0.011815077363491003,34.333333333333336
intensity_3,tfidf,tfidf_char_logreg_stopfiltered,stopfiltered,1,1,0.6400625978090767,0.027509226652968604,136.33333333333334
intensity_3,tfidf,tfidf_char_logreg_stopfiltered,stopfiltered,1,2,0.19874804381846634,0.02117018663297134,42.333333333333336
intensity_3,tfidf,tfidf_char_logreg_stopfiltered,stopfiltered,2,0,0.09333333333333334,0.015275252316519472,9.333333333333334
intensity_3,tfidf,tfidf_char_logreg_stopfiltered,stopfiltered,2,1,0.4033333333333333,0.015275252316519468,40.333333333333336
intensity_3,tfidf,tfidf_char_logreg_stopfiltered,stopfiltered,2,2,0.5033333333333333,0.023094010767585042,50.333333333333336
intensity_3,tfidf,tfidf_word_linearsvc_raw,raw,0,0,0.6300813008130081,0.0549908506441817,51.666666666666664
intensity_3,tfidf,tfidf_word_linearsvc_raw,raw,0,1,0.3170731707317073,0.043970137505658376,26.0
intensity_3,tfidf,tfidf_word_linearsvc_raw,raw,0,2,0.052845528455284556,0.018628356483560322,4.333333333333333
intensity_3,tfidf,tfidf_word_linearsvc_raw,raw,1,0,0.10328638497652583,0.009389671361502355,22.0
intensity_3,tfidf,tfidf_word_linearsvc_raw,raw,1,1,0.7433489827856025,0.021170186632971346,158.33333333333334
intensity_3,tfidf,tfidf_word_linearsvc_raw,raw,1,2,0.1533646322378717,0.018973952508579257,32.666666666666664
intensity_3,tfidf,tfidf_word_linearsvc_raw,raw,2,0,0.043333333333333335,0.020816659994661327,4.333333333333333
intensity_3,tfidf,tfidf_word_linearsvc_raw,raw,2,1,0.5266666666666667,0.025166114784235867,52.666666666666664
intensity_3,tfidf,tfidf_word_linearsvc_raw,raw,2,2,0.43,0.010000000000000009,43.0
intensity_3,tfidf,tfidf_word_linearsvc_stopfiltered,stopfiltered,0,0,0.5691056910569106,0.00704085694133681,46.666666666666664
intensity_3,tfidf,tfidf_word_linearsvc_stopfiltered,stopfiltered,0,1,0.32926829268292684,0.012195121951219523,27.0
intensity_3,tfidf,tfidf_word_linearsvc_stopfiltered,stopfiltered,0,2,0.1016260162601626,0.0070408569413369,8.333333333333334
intensity_3,tfidf,tfidf_word_linearsvc_stopfiltered,stopfiltered,1,0,0.1111111111111111,0.017774361019719173,23.666666666666668
intensity_3,tfidf,tfidf_word_linearsvc_stopfiltered,stopfiltered,1,1,0.6995305164319249,0.008131693932248232,149.0
intensity_3,tfidf,tfidf_word_linearsvc_stopfiltered,stopfiltered,1,2,0.189358372456964,0.00977307980970015,40.333333333333336
intensity_3,tfidf,tfidf_word_linearsvc_stopfiltered,stopfiltered,2,0,0.05333333333333334,0.025166114784235832,5.333333333333333
intensity_3,tfidf,tfidf_word_linearsvc_stopfiltered,stopfiltered,2,1,0.5133333333333333,0.030550504633038964,51.333333333333336
intensity_3,tfidf,tfidf_word_linearsvc_stopfiltered,stopfiltered,2,2,0.43333333333333335,0.0057735026918962675,43.333333333333336
intensity_3,tfidf,tfidf_word_logreg_raw,raw,0,0,0.7276422764227641,0.007040856941336898,59.666666666666664
intensity_3,tfidf,tfidf_word_logreg_raw,raw,0,1,0.21138211382113822,0.018628356483560322,17.333333333333332
intensity_3,tfidf,tfidf_word_logreg_raw,raw,0,2,0.06097560975609756,0.01219512195121951,5.0
intensity_3,tfidf,tfidf_word_logreg_raw,raw,1,0,0.16118935837245696,0.007171479960807273,34.333333333333336
intensity_3,tfidf,tfidf_word_logreg_raw,raw,1,1,0.6416275430359938,0.009773079809700179,136.66666666666666
intensity_3,tfidf,tfidf_word_logreg_raw,raw,1,2,0.19718309859154928,0.009389671361502355,42.0
intensity_3,tfidf,tfidf_word_logreg_raw,raw,2,0,0.06333333333333334,0.005773502691896264,6.333333333333333
intensity_3,tfidf,tfidf_word_logreg_raw,raw,2,1,0.45,0.02645751311064589,45.0
intensity_3,tfidf,tfidf_word_logreg_raw,raw,2,2,0.48666666666666664,0.025166114784235832,48.666666666666664
intensity_3,tfidf,tfidf_word_logreg_stopfiltered,stopfiltered,0,0,0.6707317073170732,0.021122570824010718,55.0
intensity_3,tfidf,tfidf_word_logreg_stopfiltered,stopfiltered,0,1,0.24390243902439024,0.042245141648021386,20.0
intensity_3,tfidf,tfidf_word_logreg_stopfiltered,stopfiltered,0,2,0.08536585365853659,0.0211225708240107,7.0
intensity_3,tfidf,tfidf_word_logreg_stopfiltered,stopfiltered,1,0,0.16588419405320814,0.016487721052977675,35.333333333333336
intensity_3,tfidf,tfidf_word_logreg_stopfiltered,stopfiltered,1,1,0.6338028169014084,0.01692747077682625,135.0
intensity_3,tfidf,tfidf_word_logreg_stopfiltered,stopfiltered,1,2,0.20031298904538342,0.00542112928816551,42.666666666666664
intensity_3,tfidf,tfidf_word_logreg_stopfiltered,stopfiltered,2,0,0.06666666666666667,0.015275252316519468,6.666666666666667
intensity_3,tfidf,tfidf_word_logreg_stopfiltered,stopfiltered,2,1,0.4366666666666667,0.023094010767585056,43.666666666666664
intensity_3,tfidf,tfidf_word_logreg_stopfiltered,stopfiltered,2,2,0.49666666666666665,0.025166114784235846,49.666666666666664
intensity_3,transformer,bertimbau_weighted,raw,0,0,0.8008130081300813,0.04616998655122173,65.66666666666667
intensity_3,transformer,bertimbau_weighted,raw,0,1,0.19512195121951217,0.04397013750565842,16.0
intensity_3,transformer,bertimbau_weighted,raw,0,2,0.0040650406504065045,0.0070408569413369,0.3333333333333333
intensity_3,transformer,bertimbau_weighted,raw,1,0,0.1752738654147105,0.0443738556455644,37.333333333333336
intensity_3,transformer,bertimbau_weighted,raw,1,1,0.5712050078247262,0.044373855645564356,121.66666666666667
intensity_3,transformer,bertimbau_weighted,raw,1,2,0.2535211267605634,0.01877934272300469,54.0
intensity_3,transformer,bertimbau_weighted,raw,2,0,0.016666666666666666,0.02081665999466133,1.6666666666666667
intensity_3,transformer,bertimbau_weighted,raw,2,1,0.25333333333333335,0.04509249752822896,25.333333333333332
intensity_3,transformer,bertimbau_weighted,raw,2,2,0.73,0.02645751311064593,73.0
intensity_5,baseline,majority_baseline,none,1,1,1.0,0.0,82.0
intensity_5,baseline,majority_baseline,none,1,2,0.0,0.0,0.0
intensity_5,baseline,majority_baseline,none,1,3,0.0,0.0,0.0
intensity_5,baseline,majority_baseline,none,1,4,0.0,0.0,0.0
intensity_5,baseline,majority_baseline,none,1,5,0.0,0.0,0.0
intensity_5,baseline,majority_baseline,none,2,1,1.0,0.0,38.0
intensity_5,baseline,majority_baseline,none,2,2,0.0,0.0,0.0
intensity_5,baseline,majority_baseline,none,2,3,0.0,0.0,0.0
intensity_5,baseline,majority_baseline,none,2,4,0.0,0.0,0.0
intensity_5,baseline,majority_baseline,none,2,5,0.0,0.0,0.0
intensity_5,baseline,majority_baseline,none,3,1,1.0,0.0,67.0
intensity_5,baseline,majority_baseline,none,3,2,0.0,0.0,0.0
intensity_5,baseline,majority_baseline,none,3,3,0.0,0.0,0.0
intensity_5,baseline,majority_baseline,none,3,4,0.0,0.0,0.0
intensity_5,baseline,majority_baseline,none,3,5,0.0,0.0,0.0
intensity_5,baseline,majority_baseline,none,4,1,1.0,0.0,36.0
intensity_5,baseline,majority_baseline,none,4,2,0.0,0.0,0.0
intensity_5,baseline,majority_baseline,none,4,3,0.0,0.0,0.0
intensity_5,baseline,majority_baseline,none,4,4,0.0,0.0,0.0
intensity_5,baseline,majority_baseline,none,4,5,0.0,0.0,0.0
intensity_5,baseline,majority_baseline,none,5,1,1.0,0.0,21.0
intensity_5,baseline,majority_baseline,none,5,2,0.0,0.0,0.0
intensity_5,baseline,majority_baseline,none,5,3,0.0,0.0,0.0
intensity_5,baseline,majority_baseline,none,5,4,0.0,0.0,0.0
intensity_5,baseline,majority_baseline,none,5,5,0.0,0.0,0.0
intensity_5,baseline,stratified_random_baseline,none,1,1,0.3658536585365854,0.05588506945068097,30.0
intensity_5,baseline,stratified_random_baseline,none,1,2,0.13414634146341464,0.02112257082401071,11.0
intensity_5,baseline,stratified_random_baseline,none,1,3,0.2682926829268293,0.053157304189520416,22.0
intensity_5,baseline,stratified_random_baseline,none,1,4,0.14227642276422764,0.00704085694133689,11.666666666666666
intensity_5,baseline,stratified_random_baseline,none,1,5,0.08943089430894309,0.014081713882673801,7.333333333333333
intensity_5,baseline,stratified_random_baseline,none,2,1,0.3157894736842105,0.05263157894736842,12.0
intensity_5,baseline,stratified_random_baseline,none,2,2,0.11403508771929823,0.040198032411893334,4.333333333333333
intensity_5,baseline,stratified_random_baseline,none,2,3,0.30701754385964913,0.015193428136569079,11.666666666666666
intensity_5,baseline,stratified_random_baseline,none,2,4,0.18421052631578946,0.07894736842105263,7.0
intensity_5,baseline,stratified_random_baseline,none,2,5,0.07894736842105263,0.02631578947368421,3.0
intensity_5,baseline,stratified_random_baseline,none,3,1,0.32338308457711445,0.06032017737802061,21.666666666666668
intensity_5,baseline,stratified_random_baseline,none,3,2,0.14427860696517414,0.08220254548188212,9.666666666666666
intensity_5,baseline,stratified_random_baseline,none,3,3,0.3134328358208955,0.025851504590580266,21.0
intensity_5,baseline,stratified_random_baseline,none,3,4,0.13930348258706468,0.02279888405450666,9.333333333333334
intensity_5,baseline,stratified_random_baseline,none,3,5,0.07960199004975124,0.03756136534960572,5.333333333333333
intensity_5,baseline,stratified_random_baseline,none,4,1,0.35185185185185186,0.08486251286955258,12.666666666666666
intensity_5,baseline,stratified_random_baseline,none,4,2,0.16666666666666666,0.05555555555555555,6.0
intensity_5,baseline,stratified_random_baseline,none,4,3,0.24074074074074073,0.042431256434776306,8.666666666666666
intensity_5,baseline,stratified_random_baseline,none,4,4,0.1574074074074074,0.042431256434776306,5.666666666666667
intensity_5,baseline,stratified_random_baseline,none,4,5,0.08333333333333333,0.027777777777777773,3.0
intensity_5,baseline,stratified_random_baseline,none,5,1,0.20634920634920637,0.07273929674533079,4.333333333333333
intensity_5,baseline,stratified_random_baseline,none,5,2,0.2222222222222222,0.09912695235553012,4.666666666666667
intensity_5,baseline,stratified_random_baseline,none,5,3,0.34920634920634913,0.07273929674533078,7.333333333333333
intensity_5,baseline,stratified_random_baseline,none,5,4,0.12698412698412698,0.0549857399228215,2.6666666666666665
intensity_5,baseline,stratified_random_baseline,none,5,5,0.09523809523809523,0.047619047619047616,2.0
intensity_5,tfidf,tfidf_char_logreg_raw,raw,1,1,0.8577235772357724,0.014081713882673819,70.33333333333333
intensity_5,tfidf,tfidf_char_logreg_raw,raw,1,2,0.04065040650406504,0.014081713882673798,3.3333333333333335
intensity_5,tfidf,tfidf_char_logreg_raw,raw,1,3,0.07723577235772358,0.014081713882673805,6.333333333333333
intensity_5,tfidf,tfidf_char_logreg_raw,raw,1,4,0.02032520325203252,0.0070408569413369,1.6666666666666667
intensity_5,tfidf,tfidf_char_logreg_raw,raw,1,5,0.0040650406504065045,0.0070408569413369,0.3333333333333333
intensity_5,tfidf,tfidf_char_logreg_raw,raw,2,1,0.31578947368421056,0.026315789473684195,12.0
intensity_5,tfidf,tfidf_char_logreg_raw,raw,2,2,0.2982456140350877,0.08459342772800839,11.333333333333334
intensity_5,tfidf,tfidf_char_logreg_raw,raw,2,3,0.2982456140350877,0.06622661785325219,11.333333333333334
intensity_5,tfidf,tfidf_char_logreg_raw,raw,2,4,0.06140350877192982,0.05478068419647718,2.3333333333333335
intensity_5,tfidf,tfidf_char_logreg_raw,raw,2,5,0.02631578947368421,0.02631578947368421,1.0
intensity_5,tfidf,tfidf_char_logreg_raw,raw,3,1,0.21393034825870647,0.03756136534960573,14.333333333333334
intensity_5,tfidf,tfidf_char_logreg_raw,raw,3,2,0.05472636815920398,0.022798884054506665,3.6666666666666665
intensity_5,tfidf,tfidf_char_logreg_raw,raw,3,3,0.47761194029850745,0.029850746268656705,32.0
intensity_5,tfidf,tfidf_char_logreg_raw,raw,3,4,0.19402985074626866,0.039488825538277476,13.0
intensity_5,tfidf,tfidf_char_logreg_raw,raw,3,5,0.05970149253731343,0.014925373134328356,4.0
intensity_5,tfidf,tfidf_char_logreg_raw,raw,4,1,0.12037037037037035,0.04243125643477629,4.333333333333333
intensity_5,tfidf,tfidf_char_logreg_raw,raw,4,2,0.0462962962962963,0.016037507477489603,1.6666666666666667
intensity_5,tfidf,tfidf_char_logreg_raw,raw,4,3,0.47222222222222227,0.048112522432468795,17.0
intensity_5,tfidf,tfidf_char_logreg_raw,raw,4,4,0.28703703703703703,0.01603750747748961,10.333333333333334
intensity_5,tfidf,tfidf_char_logreg_raw,raw,4,5,0.07407407407407407,0.057824055540725915,2.6666666666666665
intensity_5,tfidf,tfidf_char_logreg_raw,raw,5,1,0.09523809523809523,0.0,2.0
intensity_5,tfidf,tfidf_char_logreg_raw,raw,5,2,0.047619047619047616,0.047619047619047616,1.0
intensity_5,tfidf,tfidf_char_logreg_raw,raw,5,3,0.38095238095238093,0.047619047619047616,8.0
intensity_5,tfidf,tfidf_char_logreg_raw,raw,5,4,0.07936507936507936,0.07273929674533079,1.6666666666666667
intensity_5,tfidf,tfidf_char_logreg_raw,raw,5,5,0.3968253968253968,0.07273929674533078,8.333333333333334
intensity_5,tfidf,tfidf_char_logreg_stopfiltered,stopfiltered,1,1,0.8252032520325203,0.007040856941336898,67.66666666666667
intensity_5,tfidf,tfidf_char_logreg_stopfiltered,stopfiltered,1,2,0.044715447154471545,0.007040856941336901,3.6666666666666665
intensity_5,tfidf,tfidf_char_logreg_stopfiltered,stopfiltered,1,3,0.11382113821138211,0.007040856941336893,9.333333333333334
intensity_5,tfidf,tfidf_char_logreg_stopfiltered,stopfiltered,1,4,0.008130081300813009,0.0070408569413369,0.6666666666666666
intensity_5,tfidf,tfidf_char_logreg_stopfiltered,stopfiltered,1,5,0.008130081300813009,0.0140817138826738,0.6666666666666666
intensity_5,tfidf,tfidf_char_logreg_stopfiltered,stopfiltered,2,1,0.2982456140350877,0.06077371254627639,11.333333333333334
intensity_5,tfidf,tfidf_char_logreg_stopfiltered,stopfiltered,2,2,0.28947368421052627,0.12059409723567999,11.0
intensity_5,tfidf,tfidf_char_logreg_stopfiltered,stopfiltered,2,3,0.2982456140350877,0.054780684196477185,11.333333333333334
intensity_5,tfidf,tfidf_char_logreg_stopfiltered,stopfiltered,2,4,0.06140350877192982,0.040198032411893334,2.3333333333333335
intensity_5,tfidf,tfidf_char_logreg_stopfiltered,stopfiltered,2,5,0.05263157894736842,0.02631578947368421,2.0
intensity_5,tfidf,tfidf_char_logreg_stopfiltered,stopfiltered,3,1,0.20895522388059704,0.014925373134328363,14.0
intensity_5,tfidf,tfidf_char_logreg_stopfiltered,stopfiltered,3,2,0.12935323383084577,0.043085840984300426,8.666666666666666
intensity_5,tfidf,tfidf_char_logreg_stopfiltered,stopfiltered,3,3,0.36815920398009955,0.037561365349605726,24.666666666666668
intensity_5,tfidf,tfidf_char_logreg_stopfiltered,stopfiltered,3,4,0.22388059701492538,0.03948882553827747,15.0
intensity_5,tfidf,tfidf_char_logreg_stopfiltered,stopfiltered,3,5,0.06965174129353234,0.02279888405450667,4.666666666666667
intensity_5,tfidf,tfidf_char_logreg_stopfiltered,stopfiltered,4,1,0.21296296296296294,0.03207501495497921,7.666666666666667
intensity_5,tfidf,tfidf_char_logreg_stopfiltered,stopfiltered,4,2,0.08333333333333333,0.027777777777777776,3.0
intensity_5,tfidf,tfidf_char_logreg_stopfiltered,stopfiltered,4,3,0.3611111111111111,0.02777777777777779,13.0
intensity_5,tfidf,tfidf_char_logreg_stopfiltered,stopfiltered,4,4,0.25925925925925924,0.01603750747748961,9.333333333333334
intensity_5,tfidf,tfidf_char_logreg_stopfiltered,stopfiltered,4,5,0.08333333333333333,0.027777777777777776,3.0
intensity_5,tfidf,tfidf_char_logreg_stopfiltered,stopfiltered,5,1,0.1111111111111111,0.02749286996141075,2.3333333333333335
intensity_5,tfidf,tfidf_char_logreg_stopfiltered,stopfiltered,5,2,0.09523809523809523,0.047619047619047616,2.0
intensity_5,tfidf,tfidf_char_logreg_stopfiltered,stopfiltered,5,3,0.34920634920634913,0.09912695235553011,7.333333333333333
intensity_5,tfidf,tfidf_char_logreg_stopfiltered,stopfiltered,5,4,0.09523809523809523,0.08247860988423225,2.0
intensity_5,tfidf,tfidf_char_logreg_stopfiltered,stopfiltered,5,5,0.34920634920634913,0.0549857399228215,7.333333333333333
intensity_5,tfidf,tfidf_word_linearsvc_raw,raw,1,1,0.7845528455284553,0.014081713882673796,64.33333333333333
intensity_5,tfidf,tfidf_word_linearsvc_raw,raw,1,2,0.052845528455284556,0.007040856941336896,4.333333333333333
intensity_5,tfidf,tfidf_word_linearsvc_raw,raw,1,3,0.0934959349593496,0.007040856941336904,7.666666666666667
intensity_5,tfidf,tfidf_word_linearsvc_raw,raw,1,4,0.048780487804878044,0.012195121951219514,4.0
intensity_5,tfidf,tfidf_word_linearsvc_raw,raw,1,5,0.02032520325203252,0.007040856941336899,1.6666666666666667
intensity_5,tfidf,tfidf_word_linearsvc_raw,raw,2,1,0.2719298245614035,0.030386856273138207,10.333333333333334
intensity_5,tfidf,tfidf_word_linearsvc_raw,raw,2,2,0.23684210526315788,0.1147078669352809,9.0
intensity_5,tfidf,tfidf_word_linearsvc_raw,raw,2,3,0.2894736842105263,0.12059409723568001,11.0
intensity_5,tfidf,tfidf_word_linearsvc_raw,raw,2,4,0.18421052631578946,0.026315789473684216,7.0
intensity_5,tfidf,tfidf_word_linearsvc_raw,raw,2,5,0.017543859649122806,0.015193428136569098,0.6666666666666666
intensity_5,tfidf,tfidf_word_linearsvc_raw,raw,3,1,0.16417910447761194,0.025851504590580256,11.0
intensity_5,tfidf,tfidf_word_linearsvc_raw,raw,3,2,0.1144278606965174,0.022798884054506672,7.666666666666667
intensity_5,tfidf,tfidf_word_linearsvc_raw,raw,3,3,0.5522388059701492,0.03948882553827745,37.0
intensity_5,tfidf,tfidf_word_linearsvc_raw,raw,3,4,0.14925373134328357,0.025851504590580263,10.0
intensity_5,tfidf,tfidf_word_linearsvc_raw,raw,3,5,0.01990049751243781,0.022798884054506665,1.3333333333333333
intensity_5,tfidf,tfidf_word_linearsvc_raw,raw,4,1,0.10185185185185185,0.016037507477489606,3.6666666666666665
intensity_5,tfidf,tfidf_word_linearsvc_raw,raw,4,2,0.10185185185185185,0.06990587440065509,3.6666666666666665
intensity_5,tfidf,tfidf_word_linearsvc_raw,raw,4,3,0.4444444444444444,0.05555555555555556,16.0
intensity_5,tfidf,tfidf_word_linearsvc_raw,raw,4,4,0.3148148148148148,0.016037507477489565,11.333333333333334
intensity_5,tfidf,tfidf_word_linearsvc_raw,raw,4,5,0.037037037037037035,0.016037507477489603,1.3333333333333333
intensity_5,tfidf,tfidf_word_linearsvc_raw,raw,5,1,0.047619047619047616,0.047619047619047616,1.0
intensity_5,tfidf,tfidf_word_linearsvc_raw,raw,5,2,0.031746031746031744,0.02749286996141075,0.6666666666666666
intensity_5,tfidf,tfidf_word_linearsvc_raw,raw,5,3,0.3968253968253968,0.02749286996141075,8.333333333333334
intensity_5,tfidf,tfidf_word_linearsvc_raw,raw,5,4,0.15873015873015872,0.109971479845643,3.3333333333333335
intensity_5,tfidf,tfidf_word_linearsvc_raw,raw,5,5,0.36507936507936506,0.0727392967453308,7.666666666666667
intensity_5,tfidf,tfidf_word_linearsvc_stopfiltered,stopfiltered,1,1,0.7845528455284553,0.03920183236175998,64.33333333333333
intensity_5,tfidf,tfidf_word_linearsvc_stopfiltered,stopfiltered,1,2,0.044715447154471545,0.018628356483560326,3.6666666666666665
intensity_5,tfidf,tfidf_word_linearsvc_stopfiltered,stopfiltered,1,3,0.1016260162601626,0.007040856941336898,8.333333333333334
intensity_5,tfidf,tfidf_word_linearsvc_stopfiltered,stopfiltered,1,4,0.06504065040650407,0.018628356483560326,5.333333333333333
intensity_5,tfidf,tfidf_word_linearsvc_stopfiltered,stopfiltered,1,5,0.0040650406504065045,0.0070408569413369,0.3333333333333333
intensity_5,tfidf,tfidf_word_linearsvc_stopfiltered,stopfiltered,2,1,0.2807017543859649,0.040198032411893334,10.666666666666666
intensity_5,tfidf,tfidf_word_linearsvc_stopfiltered,stopfiltered,2,2,0.21052631578947367,0.06962503450169978,8.0
intensity_5,tfidf,tfidf_word_linearsvc_stopfiltered,stopfiltered,2,3,0.2631578947368421,0.06962503450169974,10.0
intensity_5,tfidf,tfidf_word_linearsvc_stopfiltered,stopfiltered,2,4,0.24561403508771928,0.040198032411893354,9.333333333333334
intensity_5,tfidf,tfidf_word_linearsvc_stopfiltered,stopfiltered,2,5,0.0,0.0,0.0
intensity_5,tfidf,tfidf_word_linearsvc_stopfiltered,stopfiltered,3,1,0.23880597014925375,0.01492537313432835,16.0
intensity_5,tfidf,tfidf_word_linearsvc_stopfiltered,stopfiltered,3,2,0.10447761194029852,0.01492537313432836,7.0
intensity_5,tfidf,tfidf_word_linearsvc_stopfiltered,stopfiltered,3,3,0.37810945273631846,0.06730223511675963,25.333333333333332
intensity_5,tfidf,tfidf_word_linearsvc_stopfiltered,stopfiltered,3,4,0.2338308457711443,0.04559776810901333,15.666666666666666
intensity_5,tfidf,tfidf_word_linearsvc_stopfiltered,stopfiltered,3,5,0.04477611940298507,0.014925373134328358,3.0
intensity_5,tfidf,tfidf_word_linearsvc_stopfiltered,stopfiltered,4,1,0.12037037037037036,0.03207501495497922,4.333333333333333
intensity_5,tfidf,tfidf_word_linearsvc_stopfiltered,stopfiltered,4,2,0.14814814814814814,0.032075014954979206,5.333333333333333
intensity_5,tfidf,tfidf_word_linearsvc_stopfiltered,stopfiltered,4,3,0.48148148148148145,0.042431256434776306,17.333333333333332
intensity_5,tfidf,tfidf_word_linearsvc_stopfiltered,stopfiltered,4,4,0.20370370370370372,0.042431256434776306,7.333333333333333
intensity_5,tfidf,tfidf_word_linearsvc_stopfiltered,stopfiltered,4,5,0.0462962962962963,0.016037507477489603,1.6666666666666667
intensity_5,tfidf,tfidf_word_linearsvc_stopfiltered,stopfiltered,5,1,0.09523809523809523,0.0,2.0
intensity_5,tfidf,tfidf_word_linearsvc_stopfiltered,stopfiltered,5,2,0.047619047619047616,0.047619047619047616,1.0
intensity_5,tfidf,tfidf_word_linearsvc_stopfiltered,stopfiltered,5,3,0.34920634920634913,0.09912695235553011,7.333333333333333
intensity_5,tfidf,tfidf_word_linearsvc_stopfiltered,stopfiltered,5,4,0.12698412698412698,0.13746434980705374,2.6666666666666665
intensity_5,tfidf,tfidf_word_linearsvc_stopfiltered,stopfiltered,5,5,0.38095238095238093,0.08247860988423227,8.0
intensity_5,tfidf,tfidf_word_logreg_raw,raw,1,1,0.8170731707317073,0.0,67.0
intensity_5,tfidf,tfidf_word_logreg_raw,raw,1,2,0.044715447154471545,0.007040856941336904,3.6666666666666665
intensity_5,tfidf,tfidf_word_logreg_raw,raw,1,3,0.07723577235772358,0.014081713882673805,6.333333333333333
intensity_5,tfidf,tfidf_word_logreg_raw,raw,1,4,0.04065040650406504,0.0140817138826738,3.3333333333333335
intensity_5,tfidf,tfidf_word_logreg_raw,raw,1,5,0.02032520325203252,0.007040856941336899,1.6666666666666667
intensity_5,tfidf,tfidf_word_logreg_raw,raw,2,1,0.24561403508771928,0.015193428136569098,9.333333333333334
intensity_5,tfidf,tfidf_word_logreg_raw,raw,2,2,0.28947368421052627,0.06962503450169973,11.0
intensity_5,tfidf,tfidf_word_logreg_raw,raw,2,3,0.25438596491228066,0.08459342772800839,9.666666666666666
intensity_5,tfidf,tfidf_word_logreg_raw,raw,2,4,0.18421052631578946,0.026315789473684216,7.0
intensity_5,tfidf,tfidf_word_logreg_raw,raw,2,5,0.02631578947368421,0.02631578947368421,1.0
intensity_5,tfidf,tfidf_word_logreg_raw,raw,3,1,0.16417910447761194,0.025851504590580266,11.0
intensity_5,tfidf,tfidf_word_logreg_raw,raw,3,2,0.13930348258706468,0.034468672787440334,9.333333333333334
intensity_5,tfidf,tfidf_word_logreg_raw,raw,3,3,0.4676616915422886,0.03756136534960574,31.333333333333332
intensity_5,tfidf,tfidf_word_logreg_raw,raw,3,4,0.1691542288557214,0.037561365349605705,11.333333333333334
intensity_5,tfidf,tfidf_word_logreg_raw,raw,3,5,0.05970149253731343,0.0,4.0
intensity_5,tfidf,tfidf_word_logreg_raw,raw,4,1,0.12962962962962962,0.016037507477489613,4.666666666666667
intensity_5,tfidf,tfidf_word_logreg_raw,raw,4,2,0.10185185185185186,0.0424312564347763,3.6666666666666665
intensity_5,tfidf,tfidf_word_logreg_raw,raw,4,3,0.4537037037037037,0.06990587440065511,16.333333333333332
intensity_5,tfidf,tfidf_word_logreg_raw,raw,4,4,0.25,0.02777777777777779,9.0
intensity_5,tfidf,tfidf_word_logreg_raw,raw,4,5,0.06481481481481481,0.032075014954979206,2.3333333333333335
intensity_5,tfidf,tfidf_word_logreg_raw,raw,5,1,0.06349206349206349,0.02749286996141075,1.3333333333333333
intensity_5,tfidf,tfidf_word_logreg_raw,raw,5,2,0.047619047619047616,0.0,1.0
intensity_5,tfidf,tfidf_word_logreg_raw,raw,5,3,0.42857142857142855,0.047619047619047616,9.0
intensity_5,tfidf,tfidf_word_logreg_raw,raw,5,4,0.12698412698412698,0.0549857399228215,2.6666666666666665
intensity_5,tfidf,tfidf_word_logreg_raw,raw,5,5,0.3333333333333333,0.08247860988423224,7.0
intensity_5,tfidf,tfidf_word_logreg_stopfiltered,stopfiltered,1,1,0.7642276422764228,0.03920183236176,62.666666666666664
intensity_5,tfidf,tfidf_word_logreg_stopfiltered,stopfiltered,1,2,0.052845528455284556,0.03069038388321443,4.333333333333333
intensity_5,tfidf,tfidf_word_logreg_stopfiltered,stopfiltered,1,3,0.11382113821138212,0.03520428470668451,9.333333333333334
intensity_5,tfidf,tfidf_word_logreg_stopfiltered,stopfiltered,1,4,0.052845528455284556,0.007040856941336896,4.333333333333333
intensity_5,tfidf,tfidf_word_logreg_stopfiltered,stopfiltered,1,5,0.016260162601626018,0.007040856941336899,1.3333333333333333
intensity_5,tfidf,tfidf_word_logreg_stopfiltered,stopfiltered,2,1,0.2807017543859649,0.04019803241189334,10.666666666666666
intensity_5,tfidf,tfidf_word_logreg_stopfiltered,stopfiltered,2,2,0.1929824561403509,0.05478068419647717,7.333333333333333
intensity_5,tfidf,tfidf_word_logreg_stopfiltered,stopfiltered,2,3,0.2894736842105263,0.0,11.0
intensity_5,tfidf,tfidf_word_logreg_stopfiltered,stopfiltered,2,4,0.23684210526315788,0.05263157894736843,9.0
intensity_5,tfidf,tfidf_word_logreg_stopfiltered,stopfiltered,2,5,0.0,0.0,0.0
intensity_5,tfidf,tfidf_word_logreg_stopfiltered,stopfiltered,3,1,0.263681592039801,0.01723433639372016,17.666666666666668
intensity_5,tfidf,tfidf_word_logreg_stopfiltered,stopfiltered,3,2,0.12935323383084577,0.031069641783076616,8.666666666666666
intensity_5,tfidf,tfidf_word_logreg_stopfiltered,stopfiltered,3,3,0.31343283582089554,0.014925373134328367,21.0
intensity_5,tfidf,tfidf_word_logreg_stopfiltered,stopfiltered,3,4,0.23880597014925373,0.029850746268656726,16.0
intensity_5,tfidf,tfidf_word_logreg_stopfiltered,stopfiltered,3,5,0.05472636815920398,0.008617168196860089,3.6666666666666665
intensity_5,tfidf,tfidf_word_logreg_stopfiltered,stopfiltered,4,1,0.12962962962962962,0.032075014954979206,4.666666666666667
intensity_5,tfidf,tfidf_word_logreg_stopfiltered,stopfiltered,4,2,0.13888888888888887,0.027777777777777787,5.0
intensity_5,tfidf,tfidf_word_logreg_stopfiltered,stopfiltered,4,3,0.4444444444444445,0.07349309197401638,16.0
intensity_5,tfidf,tfidf_word_logreg_stopfiltered,stopfiltered,4,4,0.21296296296296294,0.06990587440065509,7.666666666666667
intensity_5,tfidf,tfidf_word_logreg_stopfiltered,stopfiltered,4,5,0.07407407407407407,0.032075014954979206,2.6666666666666665
intensity_5,tfidf,tfidf_word_logreg_stopfiltered,stopfiltered,5,1,0.09523809523809523,0.047619047619047616,2.0
intensity_5,tfidf,tfidf_word_logreg_stopfiltered,stopfiltered,5,2,0.06349206349206349,0.07273929674533079,1.3333333333333333
intensity_5,tfidf,tfidf_word_logreg_stopfiltered,stopfiltered,5,3,0.38095238095238093,0.09523809523809523,8.0
intensity_5,tfidf,tfidf_word_logreg_stopfiltered,stopfiltered,5,4,0.1111111111111111,0.07273929674533079,2.3333333333333335
intensity_5,tfidf,tfidf_word_logreg_stopfiltered,stopfiltered,5,5,0.34920634920634913,0.07273929674533078,7.333333333333333
